era_index,era_start_height,era_end_height,era_block_count,reward_units_per_block,reward_coin_per_block,max_era_subsidy_units,max_era_subsidy_coin
0,1,500000,500000,4000000,0.04000000,2000000000000,20000.00000000
1,500001,1000000,500000,3600000,0.03600000,1800000000000,18000.00000000
2,1000001,1500000,500000,3240000,0.03240000,1620000000000,16200.00000000
3,1500001,2000000,500000,2916000,0.02916000,1458000000000,14580.00000000
4,2000001,2500000,500000,2624400,0.02624400,1312200000000,13122.00000000
5,2500001,3000000,500000,2361960,0.02361960,1180980000000,11809.80000000
6,3000001,3500000,500000,2125764,0.02125764,1062882000000,10628.82000000
7,3500001,4000000,500000,1913187,0.01913187,956593500000,9565.93500000
8,4000001,4500000,500000,1721868,0.01721868,860934000000,8609.34000000
9,4500001,5000000,500000,1549681,0.01549681,774840500000,7748.40500000
10,5000001,5500000,500000,1394712,0.01394712,697356000000,6973.56000000
11,5500001,6000000,500000,1255240,0.01255240,627620000000,6276.20000000
12,6000001,6500000,500000,1129716,0.01129716,564858000000,5648.58000000
13,6500001,7000000,500000,1016744,0.01016744,508372000000,5083.72000000
14,7000001,7500000,500000,915069,0.00915069,457534500000,4575.34500000
15,7500001,8000000,500000,823562,0.00823562,411781000000,4117.81000000
16,8000001,8500000,500000,741205,0.00741205,370602500000,3706.02500000
17,8500001,9000000,500000,667084,0.00667084,333542000000,3335.42000000
18,9000001,9500000,500000,600375,0.00600375,300187500000,3001.87500000
19,9500001,10000000,500000,540337,0.00540337,270168500000,2701.68500000
20,10000001,10500000,500000,486303,0.00486303,243151500000,2431.51500000
21,10500001,11000000,500000,437672,0.00437672,218836000000,2188.36000000
22,11000001,11500000,500000,393904,0.00393904,196952000000,1969.52000000
23,11500001,12000000,500000,354513,0.00354513,177256500000,1772.56500000
24,12000001,12500000,500000,319061,0.00319061,159530500000,1595.30500000
25,12500001,13000000,500000,287154,0.00287154,143577000000,1435.77000000
26,13000001,13500000,500000,258438,0.00258438,129219000000,1292.19000000
27,13500001,14000000,500000,232594,0.00232594,116297000000,1162.97000000
28,14000001,14500000,500000,209334,0.00209334,104667000000,1046.67000000
29,14500001,15000000,500000,188400,0.00188400,94200000000,942.00000000
30,15000001,15500000,500000,169560,0.00169560,84780000000,847.80000000
31,15500001,16000000,500000,152604,0.00152604,76302000000,763.02000000
32,16000001,16500000,500000,137343,0.00137343,68671500000,686.71500000
33,16500001,17000000,500000,123608,0.00123608,61804000000,618.04000000
34,17000001,17500000,500000,111247,0.00111247,55623500000,556.23500000
35,17500001,18000000,500000,100122,0.00100122,50061000000,500.61000000
36,18000001,18500000,500000,90109,0.00090109,45054500000,450.54500000
37,18500001,19000000,500000,81098,0.00081098,40549000000,405.49000000
38,19000001,19500000,500000,72988,0.00072988,36494000000,364.94000000
39,19500001,20000000,500000,65689,0.00065689,32844500000,328.44500000
40,20000001,20500000,500000,59120,0.00059120,29560000000,295.60000000
41,20500001,21000000,500000,53208,0.00053208,26604000000,266.04000000
42,21000001,21500000,500000,47887,0.00047887,23943500000,239.43500000
43,21500001,22000000,500000,43098,0.00043098,21549000000,215.49000000
44,22000001,22500000,500000,38788,0.00038788,19394000000,193.94000000
45,22500001,23000000,500000,34909,0.00034909,17454500000,174.54500000
46,23000001,23500000,500000,31418,0.00031418,15709000000,157.09000000
47,23500001,24000000,500000,28276,0.00028276,14138000000,141.38000000
48,24000001,24500000,500000,25448,0.00025448,12724000000,127.24000000
49,24500001,25000000,500000,22903,0.00022903,11451500000,114.51500000
50,25000001,25500000,500000,20612,0.00020612,10306000000,103.06000000
51,25500001,26000000,500000,18550,0.00018550,9275000000,92.75000000
52,26000001,26500000,500000,16695,0.00016695,8347500000,83.47500000
53,26500001,27000000,500000,15025,0.00015025,7512500000,75.12500000
54,27000001,27500000,500000,13522,0.00013522,6761000000,67.61000000
55,27500001,28000000,500000,12169,0.00012169,6084500000,60.84500000
56,28000001,28500000,500000,10952,0.00010952,5476000000,54.76000000
57,28500001,29000000,500000,9856,0.00009856,4928000000,49.28000000
58,29000001,29500000,500000,8870,0.00008870,4435000000,44.35000000
59,29500001,30000000,500000,7983,0.00007983,3991500000,39.91500000
60,30000001,30500000,500000,7184,0.00007184,3592000000,35.92000000
61,30500001,31000000,500000,6465,0.00006465,3232500000,32.32500000
62,31000001,31500000,500000,5818,0.00005818,2909000000,29.09000000
63,31500001,32000000,500000,5236,0.00005236,2618000000,26.18000000
64,32000001,32500000,500000,4712,0.00004712,2356000000,23.56000000
65,32500001,33000000,500000,4240,0.00004240,2120000000,21.20000000
66,33000001,33500000,500000,3816,0.00003816,1908000000,19.08000000
67,33500001,34000000,500000,3434,0.00003434,1717000000,17.17000000
68,34000001,34500000,500000,3090,0.00003090,1545000000,15.45000000
69,34500001,35000000,500000,2781,0.00002781,1390500000,13.90500000
70,35000001,35500000,500000,2502,0.00002502,1251000000,12.51000000
71,35500001,36000000,500000,2251,0.00002251,1125500000,11.25500000
72,36000001,36500000,500000,2025,0.00002025,1012500000,10.12500000
73,36500001,37000000,500000,1822,0.00001822,911000000,9.11000000
74,37000001,37500000,500000,1639,0.00001639,819500000,8.19500000
75,37500001,38000000,500000,1475,0.00001475,737500000,7.37500000
76,38000001,38500000,500000,1327,0.00001327,663500000,6.63500000
77,38500001,39000000,500000,1194,0.00001194,597000000,5.97000000
78,39000001,39500000,500000,1074,0.00001074,537000000,5.37000000
79,39500001,40000000,500000,966,0.00000966,483000000,4.83000000
80,40000001,40500000,500000,869,0.00000869,434500000,4.34500000
81,40500001,41000000,500000,782,0.00000782,391000000,3.91000000
82,41000001,41500000,500000,703,0.00000703,351500000,3.51500000
83,41500001,42000000,500000,632,0.00000632,316000000,3.16000000
84,42000001,42500000,500000,568,0.00000568,284000000,2.84000000
85,42500001,43000000,500000,511,0.00000511,255500000,2.55500000
86,43000001,43500000,500000,459,0.00000459,229500000,2.29500000
87,43500001,44000000,500000,413,0.00000413,206500000,2.06500000
88,44000001,44500000,500000,371,0.00000371,185500000,1.85500000
89,44500001,45000000,500000,333,0.00000333,166500000,1.66500000
90,45000001,45500000,500000,299,0.00000299,149500000,1.49500000
91,45500001,46000000,500000,269,0.00000269,134500000,1.34500000
92,46000001,46500000,500000,242,0.00000242,121000000,1.21000000
93,46500001,47000000,500000,217,0.00000217,108500000,1.08500000
94,47000001,47500000,500000,195,0.00000195,97500000,0.97500000
95,47500001,48000000,500000,175,0.00000175,87500000,0.87500000
96,48000001,48500000,500000,157,0.00000157,78500000,0.78500000
97,48500001,49000000,500000,141,0.00000141,70500000,0.70500000
98,49000001,49500000,500000,126,0.00000126,63000000,0.63000000
99,49500001,50000000,500000,113,0.00000113,56500000,0.56500000
100,50000001,50500000,500000,101,0.00000101,50500000,0.50500000
101,50500001,51000000,500000,90,0.00000090,45000000,0.45000000
102,51000001,51500000,500000,81,0.00000081,40500000,0.40500000
103,51500001,52000000,500000,72,0.00000072,36000000,0.36000000
104,52000001,52500000,500000,64,0.00000064,32000000,0.32000000
105,52500001,53000000,500000,57,0.00000057,28500000,0.28500000
106,53000001,53500000,500000,51,0.00000051,25500000,0.25500000
107,53500001,54000000,500000,45,0.00000045,22500000,0.22500000
108,54000001,54500000,500000,40,0.00000040,20000000,0.20000000
109,54500001,55000000,500000,36,0.00000036,18000000,0.18000000
110,55000001,55500000,500000,32,0.00000032,16000000,0.16000000
111,55500001,56000000,500000,28,0.00000028,14000000,0.14000000
112,56000001,56500000,500000,25,0.00000025,12500000,0.12500000
113,56500001,57000000,500000,22,0.00000022,11000000,0.11000000
114,57000001,57500000,500000,19,0.00000019,9500000,0.09500000
115,57500001,58000000,500000,17,0.00000017,8500000,0.08500000
116,58000001,58500000,500000,15,0.00000015,7500000,0.07500000
117,58500001,59000000,500000,13,0.00000013,6500000,0.06500000
118,59000001,59500000,500000,11,0.00000011,5500000,0.05500000
119,59500001,60000000,500000,9,0.00000009,4500000,0.04500000
120,60000001,60500000,500000,8,0.00000008,4000000,0.04000000
121,60500001,61000000,500000,7,0.00000007,3500000,0.03500000
122,61000001,61500000,500000,6,0.00000006,3000000,0.03000000
123,61500001,62000000,500000,5,0.00000005,2500000,0.02500000
124,62000001,62500000,500000,4,0.00000004,2000000,0.02000000
125,62500001,63000000,500000,3,0.00000003,1500000,0.01500000
126,63000001,63500000,500000,2,0.00000002,1000000,0.01000000
127,63500001,64000000,500000,1,0.00000001,500000,0.00500000
128,64000001,64500000,500000,1,0.00000001,500000,0.00500000
129,64500001,65000000,500000,1,0.00000001,500000,0.00500000
130,65000001,65500000,500000,1,0.00000001,500000,0.00500000
131,65500001,66000000,500000,1,0.00000001,500000,0.00500000
132,66000001,66500000,500000,1,0.00000001,500000,0.00500000
133,66500001,67000000,500000,1,0.00000001,500000,0.00500000
134,67000001,67500000,500000,1,0.00000001,500000,0.00500000
135,67500001,68000000,500000,1,0.00000001,500000,0.00500000
136,68000001,68500000,500000,1,0.00000001,500000,0.00500000
137,68500001,69000000,500000,1,0.00000001,500000,0.00500000
138,69000001,69500000,500000,1,0.00000001,500000,0.00500000
139,69500001,70000000,500000,1,0.00000001,500000,0.00500000
140,70000001,70500000,500000,1,0.00000001,500000,0.00500000
141,70500001,71000000,500000,1,0.00000001,500000,0.00500000
142,71000001,71500000,500000,1,0.00000001,500000,0.00500000
143,71500001,72000000,500000,1,0.00000001,500000,0.00500000
144,72000001,72500000,500000,1,0.00000001,500000,0.00500000
145,72500001,73000000,500000,1,0.00000001,500000,0.00500000
146,73000001,73500000,500000,1,0.00000001,500000,0.00500000
147,73500001,74000000,500000,1,0.00000001,500000,0.00500000
148,74000001,74500000,500000,1,0.00000001,500000,0.00500000
149,74500001,75000000,500000,1,0.00000001,500000,0.00500000
150,75000001,75500000,500000,1,0.00000001,500000,0.00500000
151,75500001,76000000,500000,1,0.00000001,500000,0.00500000
152,76000001,76500000,500000,1,0.00000001,500000,0.00500000
153,76500001,77000000,500000,1,0.00000001,500000,0.00500000
154,77000001,77500000,500000,1,0.00000001,500000,0.00500000
155,77500001,78000000,500000,1,0.00000001,500000,0.00500000
156,78000001,78500000,500000,1,0.00000001,500000,0.00500000
157,78500001,79000000,500000,1,0.00000001,500000,0.00500000
158,79000001,79500000,500000,1,0.00000001,500000,0.00500000
159,79500001,80000000,500000,1,0.00000001,500000,0.00500000
160,80000001,80500000,500000,1,0.00000001,500000,0.00500000
161,80500001,81000000,500000,1,0.00000001,500000,0.00500000
162,81000001,81500000,500000,1,0.00000001,500000,0.00500000
163,81500001,82000000,500000,1,0.00000001,500000,0.00500000
164,82000001,82500000,500000,1,0.00000001,500000,0.00500000
165,82500001,83000000,500000,1,0.00000001,500000,0.00500000
166,83000001,83500000,500000,1,0.00000001,500000,0.00500000
167,83500001,84000000,500000,1,0.00000001,500000,0.00500000
168,84000001,84500000,500000,1,0.00000001,500000,0.00500000
169,84500001,85000000,500000,1,0.00000001,500000,0.00500000
170,85000001,85500000,500000,1,0.00000001,500000,0.00500000
171,85500001,86000000,500000,1,0.00000001,500000,0.00500000
172,86000001,86500000,500000,1,0.00000001,500000,0.00500000
173,86500001,87000000,500000,1,0.00000001,500000,0.00500000
174,87000001,87500000,500000,1,0.00000001,500000,0.00500000
175,87500001,88000000,500000,1,0.00000001,500000,0.00500000
176,88000001,88500000,500000,1,0.00000001,500000,0.00500000
177,88500001,89000000,500000,1,0.00000001,500000,0.00500000
178,89000001,89500000,500000,1,0.00000001,500000,0.00500000
179,89500001,90000000,500000,1,0.00000001,500000,0.00500000
180,90000001,90500000,500000,1,0.00000001,500000,0.00500000
181,90500001,91000000,500000,1,0.00000001,500000,0.00500000
182,91000001,91500000,500000,1,0.00000001,500000,0.00500000
183,91500001,92000000,500000,1,0.00000001,500000,0.00500000
184,92000001,92500000,500000,1,0.00000001,500000,0.00500000
185,92500001,93000000,500000,1,0.00000001,500000,0.00500000
186,93000001,93500000,500000,1,0.00000001,500000,0.00500000
187,93500001,94000000,500000,1,0.00000001,500000,0.00500000
188,94000001,94500000,500000,1,0.00000001,500000,0.00500000
189,94500001,95000000,500000,1,0.00000001,500000,0.00500000
190,95000001,95500000,500000,1,0.00000001,500000,0.00500000
191,95500001,96000000,500000,1,0.00000001,500000,0.00500000
192,96000001,96500000,500000,1,0.00000001,500000,0.00500000
193,96500001,97000000,500000,1,0.00000001,500000,0.00500000
194,97000001,97500000,500000,1,0.00000001,500000,0.00500000
195,97500001,98000000,500000,1,0.00000001,500000,0.00500000
196,98000001,98500000,500000,1,0.00000001,500000,0.00500000
197,98500001,99000000,500000,1,0.00000001,500000,0.00500000
198,99000001,99500000,500000,1,0.00000001,500000,0.00500000
199,99500001,100000000,500000,1,0.00000001,500000,0.00500000
200,100000001,100500000,500000,1,0.00000001,500000,0.00500000
201,100500001,101000000,500000,1,0.00000001,500000,0.00500000
202,101000001,101500000,500000,1,0.00000001,500000,0.00500000
203,101500001,102000000,500000,1,0.00000001,500000,0.00500000
204,102000001,102500000,500000,1,0.00000001,500000,0.00500000
205,102500001,103000000,500000,1,0.00000001,500000,0.00500000
206,103000001,103500000,500000,1,0.00000001,500000,0.00500000
207,103500001,104000000,500000,1,0.00000001,500000,0.00500000
208,104000001,104500000,500000,1,0.00000001,500000,0.00500000
209,104500001,105000000,500000,1,0.00000001,500000,0.00500000
210,105000001,105500000,500000,1,0.00000001,500000,0.00500000
211,105500001,106000000,500000,1,0.00000001,500000,0.00500000
212,106000001,106500000,500000,1,0.00000001,500000,0.00500000
213,106500001,107000000,500000,1,0.00000001,500000,0.00500000
214,107000001,107500000,500000,1,0.00000001,500000,0.00500000
215,107500001,108000000,500000,1,0.00000001,500000,0.00500000
216,108000001,108500000,500000,1,0.00000001,500000,0.00500000
217,108500001,109000000,500000,1,0.00000001,500000,0.00500000
218,109000001,109500000,500000,1,0.00000001,500000,0.00500000
219,109500001,110000000,500000,1,0.00000001,500000,0.00500000
220,110000001,110500000,500000,1,0.00000001,500000,0.00500000
221,110500001,111000000,500000,1,0.00000001,500000,0.00500000
222,111000001,111500000,500000,1,0.00000001,500000,0.00500000
223,111500001,112000000,500000,1,0.00000001,500000,0.00500000
224,112000001,112500000,500000,1,0.00000001,500000,0.00500000
225,112500001,113000000,500000,1,0.00000001,500000,0.00500000
226,113000001,113500000,500000,1,0.00000001,500000,0.00500000
227,113500001,114000000,500000,1,0.00000001,500000,0.00500000
228,114000001,114500000,500000,1,0.00000001,500000,0.00500000
229,114500001,115000000,500000,1,0.00000001,500000,0.00500000
230,115000001,115500000,500000,1,0.00000001,500000,0.00500000
231,115500001,116000000,500000,1,0.00000001,500000,0.00500000
232,116000001,116500000,500000,1,0.00000001,500000,0.00500000
233,116500001,117000000,500000,1,0.00000001,500000,0.00500000
234,117000001,117500000,500000,1,0.00000001,500000,0.00500000
235,117500001,118000000,500000,1,0.00000001,500000,0.00500000
236,118000001,118500000,500000,1,0.00000001,500000,0.00500000
237,118500001,119000000,500000,1,0.00000001,500000,0.00500000
238,119000001,119500000,500000,1,0.00000001,500000,0.00500000
239,119500001,120000000,500000,1,0.00000001,500000,0.00500000
240,120000001,120500000,500000,1,0.00000001,500000,0.00500000
241,120500001,121000000,500000,1,0.00000001,500000,0.00500000
242,121000001,121500000,500000,1,0.00000001,500000,0.00500000
243,121500001,122000000,500000,1,0.00000001,500000,0.00500000
244,122000001,122500000,500000,1,0.00000001,500000,0.00500000
245,122500001,123000000,500000,1,0.00000001,500000,0.00500000
246,123000001,123500000,500000,1,0.00000001,500000,0.00500000
247,123500001,124000000,500000,1,0.00000001,500000,0.00500000
248,124000001,124500000,500000,1,0.00000001,500000,0.00500000
249,124500001,125000000,500000,1,0.00000001,500000,0.00500000
250,125000001,125500000,500000,1,0.00000001,500000,0.00500000
251,125500001,126000000,500000,1,0.00000001,500000,0.00500000
252,126000001,126500000,500000,1,0.00000001,500000,0.00500000
253,126500001,127000000,500000,1,0.00000001,500000,0.00500000
254,127000001,127500000,500000,1,0.00000001,500000,0.00500000
255,127500001,128000000,500000,1,0.00000001,500000,0.00500000
256,128000001,128500000,500000,1,0.00000001,500000,0.00500000
257,128500001,129000000,500000,1,0.00000001,500000,0.00500000
258,129000001,129500000,500000,1,0.00000001,500000,0.00500000
259,129500001,130000000,500000,1,0.00000001,500000,0.00500000
260,130000001,130500000,500000,1,0.00000001,500000,0.00500000
261,130500001,131000000,500000,1,0.00000001,500000,0.00500000
262,131000001,131500000,500000,1,0.00000001,500000,0.00500000
263,131500001,132000000,500000,1,0.00000001,500000,0.00500000
264,132000001,132500000,500000,1,0.00000001,500000,0.00500000
265,132500001,133000000,500000,1,0.00000001,500000,0.00500000
266,133000001,133500000,500000,1,0.00000001,500000,0.00500000
267,133500001,134000000,500000,1,0.00000001,500000,0.00500000
268,134000001,134500000,500000,1,0.00000001,500000,0.00500000
269,134500001,135000000,500000,1,0.00000001,500000,0.00500000
270,135000001,135500000,500000,1,0.00000001,500000,0.00500000
271,135500001,136000000,500000,1,0.00000001,500000,0.00500000
272,136000001,136500000,500000,1,0.00000001,500000,0.00500000
273,136500001,137000000,500000,1,0.00000001,500000,0.00500000
274,137000001,137500000,500000,1,0.00000001,500000,0.00500000
275,137500001,138000000,500000,1,0.00000001,500000,0.00500000
276,138000001,138500000,500000,1,0.00000001,500000,0.00500000
277,138500001,139000000,500000,1,0.00000001,500000,0.00500000
278,139000001,139500000,500000,1,0.00000001,500000,0.00500000
279,139500001,140000000,500000,1,0.00000001,500000,0.00500000
280,140000001,140500000,500000,1,0.00000001,500000,0.00500000
281,140500001,141000000,500000,1,0.00000001,500000,0.00500000
282,141000001,141500000,500000,1,0.00000001,500000,0.00500000
283,141500001,142000000,500000,1,0.00000001,500000,0.00500000
284,142000001,142500000,500000,1,0.00000001,500000,0.00500000
285,142500001,143000000,500000,1,0.00000001,500000,0.00500000
286,143000001,143500000,500000,1,0.00000001,500000,0.00500000
287,143500001,144000000,500000,1,0.00000001,500000,0.00500000
288,144000001,144500000,500000,1,0.00000001,500000,0.00500000
289,144500001,145000000,500000,1,0.00000001,500000,0.00500000
290,145000001,145500000,500000,1,0.00000001,500000,0.00500000
291,145500001,146000000,500000,1,0.00000001,500000,0.00500000
292,146000001,146500000,500000,1,0.00000001,500000,0.00500000
293,146500001,147000000,500000,1,0.00000001,500000,0.00500000
294,147000001,147500000,500000,1,0.00000001,500000,0.00500000
295,147500001,148000000,500000,1,0.00000001,500000,0.00500000
296,148000001,148500000,500000,1,0.00000001,500000,0.00500000
297,148500001,149000000,500000,1,0.00000001,500000,0.00500000
298,149000001,149500000,500000,1,0.00000001,500000,0.00500000
299,149500001,150000000,500000,1,0.00000001,500000,0.00500000
300,150000001,150500000,500000,1,0.00000001,500000,0.00500000
301,150500001,151000000,500000,1,0.00000001,500000,0.00500000
302,151000001,151500000,500000,1,0.00000001,500000,0.00500000
303,151500001,152000000,500000,1,0.00000001,500000,0.00500000
304,152000001,152500000,500000,1,0.00000001,500000,0.00500000
305,152500001,153000000,500000,1,0.00000001,500000,0.00500000
306,153000001,153500000,500000,1,0.00000001,500000,0.00500000
307,153500001,154000000,500000,1,0.00000001,500000,0.00500000
308,154000001,154500000,500000,1,0.00000001,500000,0.00500000
309,154500001,155000000,500000,1,0.00000001,500000,0.00500000
310,155000001,155500000,500000,1,0.00000001,500000,0.00500000
311,155500001,156000000,500000,1,0.00000001,500000,0.00500000
312,156000001,156500000,500000,1,0.00000001,500000,0.00500000
313,156500001,157000000,500000,1,0.00000001,500000,0.00500000
314,157000001,157500000,500000,1,0.00000001,500000,0.00500000
315,157500001,158000000,500000,1,0.00000001,500000,0.00500000
316,158000001,158500000,500000,1,0.00000001,500000,0.00500000
317,158500001,159000000,500000,1,0.00000001,500000,0.00500000
318,159000001,159500000,500000,1,0.00000001,500000,0.00500000
319,159500001,160000000,500000,1,0.00000001,500000,0.00500000
320,160000001,160500000,500000,1,0.00000001,500000,0.00500000
321,160500001,161000000,500000,1,0.00000001,500000,0.00500000
322,161000001,161500000,500000,1,0.00000001,500000,0.00500000
323,161500001,162000000,500000,1,0.00000001,500000,0.00500000
324,162000001,162500000,500000,1,0.00000001,500000,0.00500000
325,162500001,163000000,500000,1,0.00000001,500000,0.00500000
326,163000001,163500000,500000,1,0.00000001,500000,0.00500000
327,163500001,164000000,500000,1,0.00000001,500000,0.00500000
328,164000001,164500000,500000,1,0.00000001,500000,0.00500000
329,164500001,165000000,500000,1,0.00000001,500000,0.00500000
330,165000001,165500000,500000,1,0.00000001,500000,0.00500000
331,165500001,166000000,500000,1,0.00000001,500000,0.00500000
332,166000001,166500000,500000,1,0.00000001,500000,0.00500000
333,166500001,167000000,500000,1,0.00000001,500000,0.00500000
334,167000001,167500000,500000,1,0.00000001,500000,0.00500000
335,167500001,168000000,500000,1,0.00000001,500000,0.00500000
336,168000001,168500000,500000,1,0.00000001,500000,0.00500000
337,168500001,169000000,500000,1,0.00000001,500000,0.00500000
338,169000001,169500000,500000,1,0.00000001,500000,0.00500000
339,169500001,170000000,500000,1,0.00000001,500000,0.00500000
340,170000001,170500000,500000,1,0.00000001,500000,0.00500000
341,170500001,171000000,500000,1,0.00000001,500000,0.00500000
342,171000001,171500000,500000,1,0.00000001,500000,0.00500000
343,171500001,172000000,500000,1,0.00000001,500000,0.00500000
344,172000001,172500000,500000,1,0.00000001,500000,0.00500000
345,172500001,173000000,500000,1,0.00000001,500000,0.00500000
346,173000001,173500000,500000,1,0.00000001,500000,0.00500000
347,173500001,174000000,500000,1,0.00000001,500000,0.00500000
348,174000001,174500000,500000,1,0.00000001,500000,0.00500000
349,174500001,175000000,500000,1,0.00000001,500000,0.00500000
350,175000001,175500000,500000,1,0.00000001,500000,0.00500000
351,175500001,176000000,500000,1,0.00000001,500000,0.00500000
352,176000001,176500000,500000,1,0.00000001,500000,0.00500000
353,176500001,177000000,500000,1,0.00000001,500000,0.00500000
354,177000001,177500000,500000,1,0.00000001,500000,0.00500000
355,177500001,178000000,500000,1,0.00000001,500000,0.00500000
356,178000001,178500000,500000,1,0.00000001,500000,0.00500000
357,178500001,179000000,500000,1,0.00000001,500000,0.00500000
358,179000001,179500000,500000,1,0.00000001,500000,0.00500000
359,179500001,180000000,500000,1,0.00000001,500000,0.00500000
360,180000001,180500000,500000,1,0.00000001,500000,0.00500000
361,180500001,181000000,500000,1,0.00000001,500000,0.00500000
362,181000001,181500000,500000,1,0.00000001,500000,0.00500000
363,181500001,182000000,500000,1,0.00000001,500000,0.00500000
364,182000001,182500000,500000,1,0.00000001,500000,0.00500000
365,182500001,183000000,500000,1,0.00000001,500000,0.00500000
366,183000001,183500000,500000,1,0.00000001,500000,0.00500000
367,183500001,184000000,500000,1,0.00000001,500000,0.00500000
368,184000001,184500000,500000,1,0.00000001,500000,0.00500000
369,184500001,185000000,500000,1,0.00000001,500000,0.00500000
370,185000001,185500000,500000,1,0.00000001,500000,0.00500000
371,185500001,186000000,500000,1,0.00000001,500000,0.00500000
372,186000001,186500000,500000,1,0.00000001,500000,0.00500000
373,186500001,187000000,500000,1,0.00000001,500000,0.00500000
374,187000001,187500000,500000,1,0.00000001,500000,0.00500000
375,187500001,188000000,500000,1,0.00000001,500000,0.00500000
376,188000001,188500000,500000,1,0.00000001,500000,0.00500000
377,188500001,189000000,500000,1,0.00000001,500000,0.00500000
378,189000001,189500000,500000,1,0.00000001,500000,0.00500000
379,189500001,190000000,500000,1,0.00000001,500000,0.00500000
380,190000001,190500000,500000,1,0.00000001,500000,0.00500000
381,190500001,191000000,500000,1,0.00000001,500000,0.00500000
382,191000001,191500000,500000,1,0.00000001,500000,0.00500000
383,191500001,192000000,500000,1,0.00000001,500000,0.00500000
384,192000001,192500000,500000,1,0.00000001,500000,0.00500000
385,192500001,193000000,500000,1,0.00000001,500000,0.00500000
386,193000001,193500000,500000,1,0.00000001,500000,0.00500000
387,193500001,194000000,500000,1,0.00000001,500000,0.00500000
388,194000001,194500000,500000,1,0.00000001,500000,0.00500000
389,194500001,195000000,500000,1,0.00000001,500000,0.00500000
390,195000001,195500000,500000,1,0.00000001,500000,0.00500000
391,195500001,196000000,500000,1,0.00000001,500000,0.00500000
392,196000001,196500000,500000,1,0.00000001,500000,0.00500000
393,196500001,197000000,500000,1,0.00000001,500000,0.00500000
394,197000001,197500000,500000,1,0.00000001,500000,0.00500000
395,197500001,198000000,500000,1,0.00000001,500000,0.00500000
396,198000001,198500000,500000,1,0.00000001,500000,0.00500000
397,198500001,199000000,500000,1,0.00000001,500000,0.00500000
398,199000001,199500000,500000,1,0.00000001,500000,0.00500000
399,199500001,200000000,500000,1,0.00000001,500000,0.00500000
400,200000001,200500000,500000,1,0.00000001,500000,0.00500000
401,200500001,201000000,500000,1,0.00000001,500000,0.00500000
402,201000001,201500000,500000,1,0.00000001,500000,0.00500000
403,201500001,202000000,500000,1,0.00000001,500000,0.00500000
404,202000001,202500000,500000,1,0.00000001,500000,0.00500000
405,202500001,203000000,500000,1,0.00000001,500000,0.00500000
406,203000001,203500000,500000,1,0.00000001,500000,0.00500000
407,203500001,204000000,500000,1,0.00000001,500000,0.00500000
408,204000001,204500000,500000,1,0.00000001,500000,0.00500000
409,204500001,205000000,500000,1,0.00000001,500000,0.00500000
410,205000001,205500000,500000,1,0.00000001,500000,0.00500000
411,205500001,206000000,500000,1,0.00000001,500000,0.00500000
412,206000001,206500000,500000,1,0.00000001,500000,0.00500000
413,206500001,207000000,500000,1,0.00000001,500000,0.00500000
414,207000001,207500000,500000,1,0.00000001,500000,0.00500000
415,207500001,208000000,500000,1,0.00000001,500000,0.00500000
416,208000001,208500000,500000,1,0.00000001,500000,0.00500000
417,208500001,209000000,500000,1,0.00000001,500000,0.00500000
418,209000001,209500000,500000,1,0.00000001,500000,0.00500000
419,209500001,210000000,500000,1,0.00000001,500000,0.00500000
420,210000001,210500000,500000,1,0.00000001,500000,0.00500000
421,210500001,211000000,500000,1,0.00000001,500000,0.00500000
422,211000001,211500000,500000,1,0.00000001,500000,0.00500000
423,211500001,212000000,500000,1,0.00000001,500000,0.00500000
424,212000001,212500000,500000,1,0.00000001,500000,0.00500000
425,212500001,213000000,500000,1,0.00000001,500000,0.00500000
426,213000001,213500000,500000,1,0.00000001,500000,0.00500000
427,213500001,214000000,500000,1,0.00000001,500000,0.00500000
428,214000001,214500000,500000,1,0.00000001,500000,0.00500000
429,214500001,215000000,500000,1,0.00000001,500000,0.00500000
430,215000001,215500000,500000,1,0.00000001,500000,0.00500000
431,215500001,216000000,500000,1,0.00000001,500000,0.00500000
432,216000001,216500000,500000,1,0.00000001,500000,0.00500000
433,216500001,217000000,500000,1,0.00000001,500000,0.00500000
434,217000001,217500000,500000,1,0.00000001,500000,0.00500000
435,217500001,218000000,500000,1,0.00000001,500000,0.00500000
436,218000001,218500000,500000,1,0.00000001,500000,0.00500000
437,218500001,219000000,500000,1,0.00000001,500000,0.00500000
438,219000001,219500000,500000,1,0.00000001,500000,0.00500000
439,219500001,220000000,500000,1,0.00000001,500000,0.00500000
440,220000001,220500000,500000,1,0.00000001,500000,0.00500000
441,220500001,221000000,500000,1,0.00000001,500000,0.00500000
442,221000001,221500000,500000,1,0.00000001,500000,0.00500000
443,221500001,222000000,500000,1,0.00000001,500000,0.00500000
444,222000001,222500000,500000,1,0.00000001,500000,0.00500000
445,222500001,223000000,500000,1,0.00000001,500000,0.00500000
446,223000001,223500000,500000,1,0.00000001,500000,0.00500000
447,223500001,224000000,500000,1,0.00000001,500000,0.00500000
448,224000001,224500000,500000,1,0.00000001,500000,0.00500000
449,224500001,225000000,500000,1,0.00000001,500000,0.00500000
450,225000001,225500000,500000,1,0.00000001,500000,0.00500000
451,225500001,226000000,500000,1,0.00000001,500000,0.00500000
452,226000001,226500000,500000,1,0.00000001,500000,0.00500000
453,226500001,227000000,500000,1,0.00000001,500000,0.00500000
454,227000001,227500000,500000,1,0.00000001,500000,0.00500000
455,227500001,228000000,500000,1,0.00000001,500000,0.00500000
456,228000001,228500000,500000,1,0.00000001,500000,0.00500000
457,228500001,229000000,500000,1,0.00000001,500000,0.00500000
458,229000001,229500000,500000,1,0.00000001,500000,0.00500000
459,229500001,230000000,500000,1,0.00000001,500000,0.00500000
460,230000001,230500000,500000,1,0.00000001,500000,0.00500000
461,230500001,231000000,500000,1,0.00000001,500000,0.00500000
462,231000001,231500000,500000,1,0.00000001,500000,0.00500000
463,231500001,232000000,500000,1,0.00000001,500000,0.00500000
464,232000001,232500000,500000,1,0.00000001,500000,0.00500000
465,232500001,233000000,500000,1,0.00000001,500000,0.00500000
466,233000001,233500000,500000,1,0.00000001,500000,0.00500000
467,233500001,234000000,500000,1,0.00000001,500000,0.00500000
468,234000001,234500000,500000,1,0.00000001,500000,0.00500000
469,234500001,235000000,500000,1,0.00000001,500000,0.00500000
470,235000001,235500000,500000,1,0.00000001,500000,0.00500000
471,235500001,236000000,500000,1,0.00000001,500000,0.00500000
472,236000001,236500000,500000,1,0.00000001,500000,0.00500000
473,236500001,237000000,500000,1,0.00000001,500000,0.00500000
474,237000001,237500000,500000,1,0.00000001,500000,0.00500000
475,237500001,238000000,500000,1,0.00000001,500000,0.00500000
476,238000001,238500000,500000,1,0.00000001,500000,0.00500000
477,238500001,239000000,500000,1,0.00000001,500000,0.00500000
478,239000001,239500000,500000,1,0.00000001,500000,0.00500000
479,239500001,240000000,500000,1,0.00000001,500000,0.00500000
480,240000001,240500000,500000,1,0.00000001,500000,0.00500000
481,240500001,241000000,500000,1,0.00000001,500000,0.00500000
482,241000001,241500000,500000,1,0.00000001,500000,0.00500000
483,241500001,242000000,500000,1,0.00000001,500000,0.00500000
484,242000001,242500000,500000,1,0.00000001,500000,0.00500000
485,242500001,243000000,500000,1,0.00000001,500000,0.00500000
486,243000001,243500000,500000,1,0.00000001,500000,0.00500000
487,243500001,244000000,500000,1,0.00000001,500000,0.00500000
488,244000001,244500000,500000,1,0.00000001,500000,0.00500000
489,244500001,245000000,500000,1,0.00000001,500000,0.00500000
490,245000001,245500000,500000,1,0.00000001,500000,0.00500000
491,245500001,246000000,500000,1,0.00000001,500000,0.00500000
492,246000001,246500000,500000,1,0.00000001,500000,0.00500000
493,246500001,247000000,500000,1,0.00000001,500000,0.00500000
494,247000001,247500000,500000,1,0.00000001,500000,0.00500000
495,247500001,248000000,500000,1,0.00000001,500000,0.00500000
496,248000001,248500000,500000,1,0.00000001,500000,0.00500000
497,248500001,249000000,500000,1,0.00000001,500000,0.00500000
498,249000001,249500000,500000,1,0.00000001,500000,0.00500000
499,249500001,250000000,500000,1,0.00000001,500000,0.00500000
500,250000001,250500000,500000,1,0.00000001,500000,0.00500000
501,250500001,251000000,500000,1,0.00000001,500000,0.00500000
502,251000001,251500000,500000,1,0.00000001,500000,0.00500000
503,251500001,252000000,500000,1,0.00000001,500000,0.00500000
504,252000001,252500000,500000,1,0.00000001,500000,0.00500000
505,252500001,253000000,500000,1,0.00000001,500000,0.00500000
506,253000001,253500000,500000,1,0.00000001,500000,0.00500000
507,253500001,254000000,500000,1,0.00000001,500000,0.00500000
508,254000001,254500000,500000,1,0.00000001,500000,0.00500000
509,254500001,255000000,500000,1,0.00000001,500000,0.00500000
510,255000001,255500000,500000,1,0.00000001,500000,0.00500000
511,255500001,256000000,500000,1,0.00000001,500000,0.00500000
512,256000001,256500000,500000,1,0.00000001,500000,0.00500000
513,256500001,257000000,500000,1,0.00000001,500000,0.00500000
514,257000001,257500000,500000,1,0.00000001,500000,0.00500000
515,257500001,258000000,500000,1,0.00000001,500000,0.00500000
516,258000001,258500000,500000,1,0.00000001,500000,0.00500000
517,258500001,259000000,500000,1,0.00000001,500000,0.00500000
518,259000001,259500000,500000,1,0.00000001,500000,0.00500000
519,259500001,260000000,500000,1,0.00000001,500000,0.00500000
520,260000001,260500000,500000,1,0.00000001,500000,0.00500000
521,260500001,261000000,500000,1,0.00000001,500000,0.00500000
522,261000001,261500000,500000,1,0.00000001,500000,0.00500000
523,261500001,262000000,500000,1,0.00000001,500000,0.00500000
524,262000001,262500000,500000,1,0.00000001,500000,0.00500000
525,262500001,263000000,500000,1,0.00000001,500000,0.00500000
526,263000001,263500000,500000,1,0.00000001,500000,0.00500000
527,263500001,264000000,500000,1,0.00000001,500000,0.00500000
528,264000001,264500000,500000,1,0.00000001,500000,0.00500000
529,264500001,265000000,500000,1,0.00000001,500000,0.00500000
530,265000001,265500000,500000,1,0.00000001,500000,0.00500000
531,265500001,266000000,500000,1,0.00000001,500000,0.00500000
532,266000001,266500000,500000,1,0.00000001,500000,0.00500000
533,266500001,267000000,500000,1,0.00000001,500000,0.00500000
534,267000001,267500000,500000,1,0.00000001,500000,0.00500000
535,267500001,268000000,500000,1,0.00000001,500000,0.00500000
536,268000001,268500000,500000,1,0.00000001,500000,0.00500000
537,268500001,269000000,500000,1,0.00000001,500000,0.00500000
538,269000001,269500000,500000,1,0.00000001,500000,0.00500000
539,269500001,270000000,500000,1,0.00000001,500000,0.00500000
540,270000001,270500000,500000,1,0.00000001,500000,0.00500000
541,270500001,271000000,500000,1,0.00000001,500000,0.00500000
542,271000001,271500000,500000,1,0.00000001,500000,0.00500000
543,271500001,272000000,500000,1,0.00000001,500000,0.00500000
544,272000001,272500000,500000,1,0.00000001,500000,0.00500000
545,272500001,273000000,500000,1,0.00000001,500000,0.00500000
546,273000001,273500000,500000,1,0.00000001,500000,0.00500000
547,273500001,274000000,500000,1,0.00000001,500000,0.00500000
548,274000001,274500000,500000,1,0.00000001,500000,0.00500000
549,274500001,275000000,500000,1,0.00000001,500000,0.00500000
550,275000001,275500000,500000,1,0.00000001,500000,0.00500000
551,275500001,276000000,500000,1,0.00000001,500000,0.00500000
552,276000001,276500000,500000,1,0.00000001,500000,0.00500000
553,276500001,277000000,500000,1,0.00000001,500000,0.00500000
554,277000001,277500000,500000,1,0.00000001,500000,0.00500000
555,277500001,278000000,500000,1,0.00000001,500000,0.00500000
556,278000001,278500000,500000,1,0.00000001,500000,0.00500000
557,278500001,279000000,500000,1,0.00000001,500000,0.00500000
558,279000001,279500000,500000,1,0.00000001,500000,0.00500000
559,279500001,280000000,500000,1,0.00000001,500000,0.00500000
560,280000001,280500000,500000,1,0.00000001,500000,0.00500000
561,280500001,281000000,500000,1,0.00000001,500000,0.00500000
562,281000001,281500000,500000,1,0.00000001,500000,0.00500000
563,281500001,282000000,500000,1,0.00000001,500000,0.00500000
564,282000001,282500000,500000,1,0.00000001,500000,0.00500000
565,282500001,283000000,500000,1,0.00000001,500000,0.00500000
566,283000001,283500000,500000,1,0.00000001,500000,0.00500000
567,283500001,284000000,500000,1,0.00000001,500000,0.00500000
568,284000001,284500000,500000,1,0.00000001,500000,0.00500000
569,284500001,285000000,500000,1,0.00000001,500000,0.00500000
570,285000001,285500000,500000,1,0.00000001,500000,0.00500000
571,285500001,286000000,500000,1,0.00000001,500000,0.00500000
572,286000001,286500000,500000,1,0.00000001,500000,0.00500000
573,286500001,287000000,500000,1,0.00000001,500000,0.00500000
574,287000001,287500000,500000,1,0.00000001,500000,0.00500000
575,287500001,288000000,500000,1,0.00000001,500000,0.00500000
576,288000001,288500000,500000,1,0.00000001,500000,0.00500000
577,288500001,289000000,500000,1,0.00000001,500000,0.00500000
578,289000001,289500000,500000,1,0.00000001,500000,0.00500000
579,289500001,290000000,500000,1,0.00000001,500000,0.00500000
580,290000001,290500000,500000,1,0.00000001,500000,0.00500000
581,290500001,291000000,500000,1,0.00000001,500000,0.00500000
582,291000001,291500000,500000,1,0.00000001,500000,0.00500000
583,291500001,292000000,500000,1,0.00000001,500000,0.00500000
584,292000001,292500000,500000,1,0.00000001,500000,0.00500000
585,292500001,293000000,500000,1,0.00000001,500000,0.00500000
586,293000001,293500000,500000,1,0.00000001,500000,0.00500000
587,293500001,294000000,500000,1,0.00000001,500000,0.00500000
588,294000001,294500000,500000,1,0.00000001,500000,0.00500000
589,294500001,295000000,500000,1,0.00000001,500000,0.00500000
590,295000001,295500000,500000,1,0.00000001,500000,0.00500000
591,295500001,296000000,500000,1,0.00000001,500000,0.00500000
592,296000001,296500000,500000,1,0.00000001,500000,0.00500000
593,296500001,297000000,500000,1,0.00000001,500000,0.00500000
594,297000001,297500000,500000,1,0.00000001,500000,0.00500000
595,297500001,298000000,500000,1,0.00000001,500000,0.00500000
596,298000001,298500000,500000,1,0.00000001,500000,0.00500000
597,298500001,299000000,500000,1,0.00000001,500000,0.00500000
598,299000001,299500000,500000,1,0.00000001,500000,0.00500000
599,299500001,300000000,500000,1,0.00000001,500000,0.00500000
600,300000001,300500000,500000,1,0.00000001,500000,0.00500000
601,300500001,301000000,500000,1,0.00000001,500000,0.00500000
602,301000001,301500000,500000,1,0.00000001,500000,0.00500000
603,301500001,302000000,500000,1,0.00000001,500000,0.00500000
604,302000001,302500000,500000,1,0.00000001,500000,0.00500000
605,302500001,303000000,500000,1,0.00000001,500000,0.00500000
606,303000001,303500000,500000,1,0.00000001,500000,0.00500000
607,303500001,304000000,500000,1,0.00000001,500000,0.00500000
608,304000001,304500000,500000,1,0.00000001,500000,0.00500000
609,304500001,305000000,500000,1,0.00000001,500000,0.00500000
610,305000001,305500000,500000,1,0.00000001,500000,0.00500000
611,305500001,306000000,500000,1,0.00000001,500000,0.00500000
612,306000001,306500000,500000,1,0.00000001,500000,0.00500000
613,306500001,307000000,500000,1,0.00000001,500000,0.00500000
614,307000001,307500000,500000,1,0.00000001,500000,0.00500000
615,307500001,308000000,500000,1,0.00000001,500000,0.00500000
616,308000001,308500000,500000,1,0.00000001,500000,0.00500000
617,308500001,309000000,500000,1,0.00000001,500000,0.00500000
618,309000001,309500000,500000,1,0.00000001,500000,0.00500000
619,309500001,310000000,500000,1,0.00000001,500000,0.00500000
620,310000001,310500000,500000,1,0.00000001,500000,0.00500000
621,310500001,311000000,500000,1,0.00000001,500000,0.00500000
622,311000001,311500000,500000,1,0.00000001,500000,0.00500000
623,311500001,312000000,500000,1,0.00000001,500000,0.00500000
624,312000001,312500000,500000,1,0.00000001,500000,0.00500000
625,312500001,313000000,500000,1,0.00000001,500000,0.00500000
626,313000001,313500000,500000,1,0.00000001,500000,0.00500000
627,313500001,314000000,500000,1,0.00000001,500000,0.00500000
628,314000001,314500000,500000,1,0.00000001,500000,0.00500000
629,314500001,315000000,500000,1,0.00000001,500000,0.00500000
630,315000001,315500000,500000,1,0.00000001,500000,0.00500000
631,315500001,316000000,500000,1,0.00000001,500000,0.00500000
632,316000001,316500000,500000,1,0.00000001,500000,0.00500000
633,316500001,317000000,500000,1,0.00000001,500000,0.00500000
634,317000001,317500000,500000,1,0.00000001,500000,0.00500000
635,317500001,318000000,500000,1,0.00000001,500000,0.00500000
636,318000001,318500000,500000,1,0.00000001,500000,0.00500000
637,318500001,319000000,500000,1,0.00000001,500000,0.00500000
638,319000001,319500000,500000,1,0.00000001,500000,0.00500000
639,319500001,320000000,500000,1,0.00000001,500000,0.00500000
640,320000001,320500000,500000,1,0.00000001,500000,0.00500000
641,320500001,321000000,500000,1,0.00000001,500000,0.00500000
642,321000001,321500000,500000,1,0.00000001,500000,0.00500000
643,321500001,322000000,500000,1,0.00000001,500000,0.00500000
644,322000001,322500000,500000,1,0.00000001,500000,0.00500000
645,322500001,323000000,500000,1,0.00000001,500000,0.00500000
646,323000001,323500000,500000,1,0.00000001,500000,0.00500000
647,323500001,324000000,500000,1,0.00000001,500000,0.00500000
648,324000001,324500000,500000,1,0.00000001,500000,0.00500000
649,324500001,325000000,500000,1,0.00000001,500000,0.00500000
650,325000001,325500000,500000,1,0.00000001,500000,0.00500000
651,325500001,326000000,500000,1,0.00000001,500000,0.00500000
652,326000001,326500000,500000,1,0.00000001,500000,0.00500000
653,326500001,327000000,500000,1,0.00000001,500000,0.00500000
654,327000001,327500000,500000,1,0.00000001,500000,0.00500000
655,327500001,328000000,500000,1,0.00000001,500000,0.00500000
656,328000001,328500000,500000,1,0.00000001,500000,0.00500000
657,328500001,329000000,500000,1,0.00000001,500000,0.00500000
658,329000001,329500000,500000,1,0.00000001,500000,0.00500000
659,329500001,330000000,500000,1,0.00000001,500000,0.00500000
660,330000001,330500000,500000,1,0.00000001,500000,0.00500000
661,330500001,331000000,500000,1,0.00000001,500000,0.00500000
662,331000001,331500000,500000,1,0.00000001,500000,0.00500000
663,331500001,332000000,500000,1,0.00000001,500000,0.00500000
664,332000001,332500000,500000,1,0.00000001,500000,0.00500000
665,332500001,333000000,500000,1,0.00000001,500000,0.00500000
666,333000001,333500000,500000,1,0.00000001,500000,0.00500000
667,333500001,334000000,500000,1,0.00000001,500000,0.00500000
668,334000001,334500000,500000,1,0.00000001,500000,0.00500000
669,334500001,335000000,500000,1,0.00000001,500000,0.00500000
670,335000001,335500000,500000,1,0.00000001,500000,0.00500000
671,335500001,336000000,500000,1,0.00000001,500000,0.00500000
672,336000001,336500000,500000,1,0.00000001,500000,0.00500000
673,336500001,337000000,500000,1,0.00000001,500000,0.00500000
674,337000001,337500000,500000,1,0.00000001,500000,0.00500000
675,337500001,338000000,500000,1,0.00000001,500000,0.00500000
676,338000001,338500000,500000,1,0.00000001,500000,0.00500000
677,338500001,339000000,500000,1,0.00000001,500000,0.00500000
678,339000001,339500000,500000,1,0.00000001,500000,0.00500000
679,339500001,340000000,500000,1,0.00000001,500000,0.00500000
680,340000001,340500000,500000,1,0.00000001,500000,0.00500000
681,340500001,341000000,500000,1,0.00000001,500000,0.00500000
682,341000001,341500000,500000,1,0.00000001,500000,0.00500000
683,341500001,342000000,500000,1,0.00000001,500000,0.00500000
684,342000001,342500000,500000,1,0.00000001,500000,0.00500000
685,342500001,343000000,500000,1,0.00000001,500000,0.00500000
686,343000001,343500000,500000,1,0.00000001,500000,0.00500000
687,343500001,344000000,500000,1,0.00000001,500000,0.00500000
688,344000001,344500000,500000,1,0.00000001,500000,0.00500000
689,344500001,345000000,500000,1,0.00000001,500000,0.00500000
690,345000001,345500000,500000,1,0.00000001,500000,0.00500000
691,345500001,346000000,500000,1,0.00000001,500000,0.00500000
692,346000001,346500000,500000,1,0.00000001,500000,0.00500000
693,346500001,347000000,500000,1,0.00000001,500000,0.00500000
694,347000001,347500000,500000,1,0.00000001,500000,0.00500000
695,347500001,348000000,500000,1,0.00000001,500000,0.00500000
696,348000001,348500000,500000,1,0.00000001,500000,0.00500000
697,348500001,349000000,500000,1,0.00000001,500000,0.00500000
698,349000001,349500000,500000,1,0.00000001,500000,0.00500000
699,349500001,350000000,500000,1,0.00000001,500000,0.00500000
700,350000001,350500000,500000,1,0.00000001,500000,0.00500000
701,350500001,351000000,500000,1,0.00000001,500000,0.00500000
702,351000001,351500000,500000,1,0.00000001,500000,0.00500000
703,351500001,352000000,500000,1,0.00000001,500000,0.00500000
